id_treatment,id_inoc,id_faeces,starting_date,weight_0dpi,weight_14dpi,water_content_14dpi,ph_14dpi,exclude,id_bact,date,ecoli_cfu_per_g,enterococcus_cfu_per_g,area_size_0dpi,area_size_7dpi,area_size_14dpi,area_size_2dpi,area_size_5dpi,growth_description_0dpi,growth_description_7dpi,growth_description_14dpi,growth_description_2dpi,growth_description_5dpi,contamination_area_0dpi,contamination_area_7dpi,contamination_area_14dpi,contamination_area_2dpi,contamination_area_5dpi,reproductive_structures_0dpi,reproductive_structures_7dpi,reproductive_structures_14dpi,reproductive_structures_2dpi,reproductive_structures_5dpi,collection_date_1,collection_date_2,total_weight,ph,water_content_0dpi,faecal_ecoli_cfu_per_g_1,faecal_ecoli_cfu_per_g_2,faecal_ecoli_cfu_per_g_3,species,material,material_2,production_date,experiment
1,1,1,2025-05-08,25.7,NA,NA,NA,exclude,NA,NA,NA,NA,NA,NA,NA,NA,NA,NA,NA,NA,NA,NA,NA,NA,NA,NA,NA,NA,NA,NA,NA,NA,2025-05-07,NA,240,NA,0.81,1920,1543.47826086957,2000,P. ostreatus v. Floridae,corn cobs,oatbran 10%,NA,1_1
2,1,1,2025-05-08,27.05,NA,NA,NA,exclude,NA,NA,NA,NA,NA,NA,NA,NA,NA,NA,NA,NA,NA,NA,NA,NA,NA,NA,NA,NA,NA,NA,NA,NA,2025-05-07,NA,240,NA,0.81,1920,1543.47826086957,2000,P. ostreatus v. Floridae,corn cobs,oatbran 10%,NA,1_1
3,1,1,2025-05-08,26.400000000000002,NA,NA,NA,exclude,NA,NA,NA,NA,NA,NA,NA,NA,NA,NA,NA,NA,NA,NA,NA,NA,NA,NA,NA,NA,NA,NA,NA,NA,2025-05-07,NA,240,NA,0.81,1920,1543.47826086957,2000,P. ostreatus v. Floridae,corn cobs,oatbran 10%,NA,1_1
4,2,1,2025-05-08,23.95,NA,NA,NA,exclude,NA,NA,NA,NA,NA,NA,NA,NA,NA,NA,NA,NA,NA,NA,NA,NA,NA,NA,NA,NA,NA,NA,NA,NA,2025-05-07,NA,240,NA,0.81,1920,1543.47826086957,2000,P. ostreatus v. Floridae,wood chips,oatbran 10%,NA,1_1
5,3,1,2025-05-08,26.569999999999997,NA,NA,NA,exclude,NA,NA,NA,NA,NA,NA,NA,NA,NA,NA,NA,NA,NA,NA,NA,NA,NA,NA,NA,NA,NA,NA,NA,NA,2025-05-07,NA,240,NA,0.81,1920,1543.47826086957,2000,C. comatus,corn cobs,oatbran 10%,NA,1_1
6,4,1,2025-05-08,26.45,NA,NA,NA,exclude,1,2025-05-14,1600,NA,NA,NA,NA,NA,NA,NA,NA,NA,NA,NA,NA,NA,NA,NA,NA,NA,NA,NA,NA,NA,2025-05-07,NA,240,NA,0.81,1920,1543.47826086957,2000,ctrl,corn cobs,oatbran 10%,NA,1_1
6,4,1,2025-05-08,26.45,NA,NA,NA,exclude,2,2025-05-14,3478.26086956522,NA,NA,NA,NA,NA,NA,NA,NA,NA,NA,NA,NA,NA,NA,NA,NA,NA,NA,NA,NA,NA,2025-05-07,NA,240,NA,0.81,1920,1543.47826086957,2000,ctrl,corn cobs,oatbran 10%,NA,1_1
6,4,1,2025-05-08,26.45,NA,NA,NA,exclude,3,2025-05-14,937.5,NA,NA,NA,NA,NA,NA,NA,NA,NA,NA,NA,NA,NA,NA,NA,NA,NA,NA,NA,NA,NA,2025-05-07,NA,240,NA,0.81,1920,1543.47826086957,2000,ctrl,corn cobs,oatbran 10%,NA,1_1
6,4,1,2025-05-08,26.45,NA,NA,NA,exclude,7,2025-05-19,66.6666666666667,NA,NA,NA,NA,NA,NA,NA,NA,NA,NA,NA,NA,NA,NA,NA,NA,NA,NA,NA,NA,NA,2025-05-07,NA,240,NA,0.81,1920,1543.47826086957,2000,ctrl,corn cobs,oatbran 10%,NA,1_1
6,4,1,2025-05-08,26.45,NA,NA,NA,exclude,8,2025-05-19,285.714285714286,NA,NA,NA,NA,NA,NA,NA,NA,NA,NA,NA,NA,NA,NA,NA,NA,NA,NA,NA,NA,NA,2025-05-07,NA,240,NA,0.81,1920,1543.47826086957,2000,ctrl,corn cobs,oatbran 10%,NA,1_1
6,4,1,2025-05-08,26.45,NA,NA,NA,exclude,9,2025-05-19,344.827586206897,NA,NA,NA,NA,NA,NA,NA,NA,NA,NA,NA,NA,NA,NA,NA,NA,NA,NA,NA,NA,NA,2025-05-07,NA,240,NA,0.81,1920,1543.47826086957,2000,ctrl,corn cobs,oatbran 10%,NA,1_1
7,4,1,2025-05-08,26.169999999999998,NA,NA,NA,exclude,NA,NA,NA,NA,NA,NA,NA,NA,NA,NA,NA,NA,NA,NA,NA,NA,NA,NA,NA,NA,NA,NA,NA,NA,2025-05-07,NA,240,NA,0.81,1920,1543.47826086957,2000,ctrl,corn cobs,oatbran 10%,NA,1_1
8,4,1,2025-05-08,26.31,NA,NA,NA,exclude,NA,NA,NA,NA,NA,NA,NA,NA,NA,NA,NA,NA,NA,NA,NA,NA,NA,NA,NA,NA,NA,NA,NA,NA,2025-05-07,NA,240,NA,0.81,1920,1543.47826086957,2000,ctrl,corn cobs,oatbran 10%,NA,1_1
9,6,1,2025-05-08,26.74,NA,NA,NA,exclude,4,2025-05-14,>50,NA,NA,NA,NA,NA,NA,NA,NA,NA,NA,NA,NA,NA,NA,NA,NA,NA,NA,NA,NA,NA,2025-05-07,NA,240,NA,0.81,1920,1543.47826086957,2000,F15 Faecal isolate 1,MEA,none,NA,1_1
9,6,1,2025-05-08,26.74,NA,NA,NA,exclude,5,2025-05-14,>50,NA,NA,NA,NA,NA,NA,NA,NA,NA,NA,NA,NA,NA,NA,NA,NA,NA,NA,NA,NA,NA,2025-05-07,NA,240,NA,0.81,1920,1543.47826086957,2000,F15 Faecal isolate 1,MEA,none,NA,1_1
9,6,1,2025-05-08,26.74,NA,NA,NA,exclude,6,2025-05-14,>50,NA,NA,NA,NA,NA,NA,NA,NA,NA,NA,NA,NA,NA,NA,NA,NA,NA,NA,NA,NA,NA,2025-05-07,NA,240,NA,0.81,1920,1543.47826086957,2000,F15 Faecal isolate 1,MEA,none,NA,1_1
9,6,1,2025-05-08,26.74,NA,NA,NA,exclude,10,2025-05-19,52.6315789473684,NA,NA,NA,NA,NA,NA,NA,NA,NA,NA,NA,NA,NA,NA,NA,NA,NA,NA,NA,NA,NA,2025-05-07,NA,240,NA,0.81,1920,1543.47826086957,2000,F15 Faecal isolate 1,MEA,none,NA,1_1
9,6,1,2025-05-08,26.74,NA,NA,NA,exclude,11,2025-05-19,>50,NA,NA,NA,NA,NA,NA,NA,NA,NA,NA,NA,NA,NA,NA,NA,NA,NA,NA,NA,NA,NA,2025-05-07,NA,240,NA,0.81,1920,1543.47826086957,2000,F15 Faecal isolate 1,MEA,none,NA,1_1
9,6,1,2025-05-08,26.74,NA,NA,NA,exclude,12,2025-05-19,125,NA,NA,NA,NA,NA,NA,NA,NA,NA,NA,NA,NA,NA,NA,NA,NA,NA,NA,NA,NA,NA,2025-05-07,NA,240,NA,0.81,1920,1543.47826086957,2000,F15 Faecal isolate 1,MEA,none,NA,1_1
10,7,2,2025-07-09,20.919999999999998,NA,NA,NA,NA,13,2025-07-23,132394366.197183,NA,0.64,16.402,21.902,NA,NA,0,3,2,NA,NA,0,0,0,NA,NA,0,0,0,NA,NA,2025-07-08,NA,283,NA,0.77,8257575.75757576,6304347.82608696,7246376.8115942,F15 Faecal isolate 1,MEA,none,NA,1_1
11,7,2,2025-07-09,21.470000000000002,NA,NA,NA,NA,14,2025-07-23,241935483.870968,NA,0.634,16.04,20.912,NA,NA,0,3,2,NA,NA,0,0,0,NA,NA,0,0,0,NA,NA,2025-07-08,NA,283,NA,0.77,8257575.75757576,6304347.82608696,7246376.8115942,F15 Faecal isolate 1,MEA,none,NA,1_1
12,7,2,2025-07-09,21.849999999999998,NA,NA,NA,NA,15,2025-07-23,107058823.529412,NA,0.633,13,17.2,NA,NA,0,3,2,NA,NA,0,0,0,NA,NA,0,0,0,NA,NA,2025-07-08,NA,283,NA,0.77,8257575.75757576,6304347.82608696,7246376.8115942,F15 Faecal isolate 1,MEA,none,NA,1_1
13,8,2,2025-07-09,20.139999999999997,NA,NA,NA,NA,16,2025-07-23,7222222.22222222,NA,0.695,36.566,47.514,NA,NA,0,4,2,NA,NA,0,0,0,NA,NA,0,0,0,NA,NA,2025-07-08,NA,283,NA,0.77,8257575.75757576,6304347.82608696,7246376.8115942,F31 Mucor spp I3,MEA,none,NA,1_1
14,8,2,2025-07-09,20.95,NA,NA,NA,NA,17,2025-07-23,15740740.7407407,NA,0.641,48.35,52.25,NA,NA,0,4,2,NA,NA,0,0,0,NA,NA,0,0,0,NA,NA,2025-07-08,NA,283,NA,0.77,8257575.75757576,6304347.82608696,7246376.8115942,F31 Mucor spp I3,MEA,none,NA,1_1
15,8,2,2025-07-09,21.59,NA,NA,NA,NA,18,2025-07-23,76530612.244898,NA,0.642,39.99,45.52,NA,NA,0,4,2,NA,NA,0,0,0,NA,NA,0,0,0,NA,NA,2025-07-08,NA,283,NA,0.77,8257575.75757576,6304347.82608696,7246376.8115942,F31 Mucor spp I3,MEA,none,NA,1_1
16,9,2,2025-07-09,21.790000000000003,NA,NA,NA,NA,19,2025-07-23,74074.0740740741,NA,0.653,0.653,0.653,NA,NA,0,0,0,NA,NA,0,0,0,NA,NA,0,0,0,NA,NA,2025-07-08,NA,283,NA,0.77,8257575.75757576,6304347.82608696,7246376.8115942,ctrl,MEA,none,NA,1_1
17,9,2,2025-07-09,21.02,NA,NA,NA,NA,20,2025-07-23,>50,NA,0.7,0.7,0.7,NA,NA,0,0,0,NA,NA,0,0,0,NA,NA,0,0,0,NA,NA,2025-07-08,NA,283,NA,0.77,8257575.75757576,6304347.82608696,7246376.8115942,ctrl,MEA,none,NA,1_1
18,9,2,2025-07-09,22.209999999999997,NA,NA,NA,NA,21,2025-07-23,760.869565217391,NA,0.711,0.711,0.711,NA,NA,0,0,0,NA,NA,0,0,0,NA,NA,0,0,0,NA,NA,2025-07-08,NA,283,NA,0.77,8257575.75757576,6304347.82608696,7246376.8115942,ctrl,MEA,none,NA,1_1
19,10,3,2025-07-10,22.209999999999997,NA,NA,NA,NA,22,2025-07-24,298245614.035088,NA,0.653,23.688,42.45,NA,NA,0,3,1,NA,NA,0,0,0,NA,NA,0,0,0,NA,NA,2025-07-09,NA,308,NA,0.84,13750000,12733333.3333333,13513513.5135135,F15 Faecal isolate 1,MEA,none,NA,1_1
20,10,3,2025-07-10,21.709999999999997,NA,NA,NA,NA,23,2025-07-24,84210526.3157895,NA,0.691,22.323,43.969,NA,NA,0,3,1,NA,NA,0,0,0,NA,NA,0,0,0,NA,NA,2025-07-09,NA,308,NA,0.84,13750000,12733333.3333333,13513513.5135135,F15 Faecal isolate 1,MEA,none,NA,1_1
21,10,3,2025-07-10,21.94,NA,NA,NA,NA,24,2025-07-24,160439560.43956,NA,0.821,24.723,43.687,NA,NA,0,3,1,NA,NA,0,0,0,NA,NA,0,0,0,NA,NA,2025-07-09,NA,308,NA,0.84,13750000,12733333.3333333,13513513.5135135,F15 Faecal isolate 1,MEA,none,NA,1_1
22,11,3,2025-07-10,21.74,NA,NA,NA,NA,25,2025-07-24,134579439.252336,NA,0.745,29.194,59.747,NA,NA,0,5,2,NA,NA,0,0,0,NA,NA,0,0,0,NA,NA,2025-07-09,NA,308,NA,0.84,13750000,12733333.3333333,13513513.5135135,F31 Mucor spp I3,MEA,none,NA,1_1
23,11,3,2025-07-10,21.05,NA,NA,NA,NA,26,2025-07-24,221276595.744681,NA,0.648,33.704,60.544,NA,NA,0,5,1,NA,NA,0,0,0,NA,NA,0,0,0,NA,NA,2025-07-09,NA,308,NA,0.84,13750000,12733333.3333333,13513513.5135135,F31 Mucor spp I3,MEA,none,NA,1_1
24,11,3,2025-07-10,21.55,NA,NA,NA,NA,27,2025-07-24,2e+08,NA,0.755,30.47,59.38,NA,NA,0,4,2,NA,NA,0,0,0,NA,NA,0,0,0,NA,NA,2025-07-09,NA,308,NA,0.84,13750000,12733333.3333333,13513513.5135135,F31 Mucor spp I3,MEA,none,NA,1_1
25,12,3,2025-07-10,20.470000000000002,NA,NA,NA,NA,NA,NA,NA,NA,0.787,0.787,0.787,NA,NA,0,0,0,NA,NA,0,0,0,NA,NA,0,0,0,NA,NA,2025-07-09,NA,308,NA,0.84,13750000,12733333.3333333,13513513.5135135,T. koningiopsis,MEA,none,NA,1_1
26,12,3,2025-07-10,21.429999999999996,NA,NA,NA,NA,NA,NA,NA,NA,0.655,0.655,0.655,NA,NA,0,0,0,NA,NA,0,0,0,NA,NA,0,0,0,NA,NA,2025-07-09,NA,308,NA,0.84,13750000,12733333.3333333,13513513.5135135,T. koningiopsis,MEA,none,NA,1_1
27,12,3,2025-07-10,21.220000000000002,NA,NA,NA,NA,NA,NA,NA,NA,0.675,0.675,0.675,NA,NA,0,0,0,NA,NA,0,0,0,NA,NA,0,0,0,NA,NA,2025-07-09,NA,308,NA,0.84,13750000,12733333.3333333,13513513.5135135,T. koningiopsis,MEA,none,NA,1_1
28,12,3,2025-07-10,21.999999999999996,NA,NA,NA,NA,NA,NA,NA,NA,0.669,0.669,0.669,NA,NA,0,0,0,NA,NA,0,0,0,NA,NA,0,0,0,NA,NA,2025-07-09,NA,308,NA,0.84,13750000,12733333.3333333,13513513.5135135,T. koningiopsis,MEA,none,NA,1_1
29,13,3,2025-07-10,21.179999999999996,NA,NA,NA,NA,28,2025-07-24,>50,NA,0.704,0.704,0.704,NA,NA,0,0,0,NA,NA,0,0,0,NA,NA,0,0,0,NA,NA,2025-07-09,NA,308,NA,0.84,13750000,12733333.3333333,13513513.5135135,ctrl,MEA,none,NA,1_1
30,13,3,2025-07-10,23.02,NA,NA,NA,NA,29,2025-07-24,>50,NA,0.646,0.646,0.646,NA,NA,0,0,0,NA,NA,0,0,0,NA,NA,0,0,0,NA,NA,2025-07-09,NA,308,NA,0.84,13750000,12733333.3333333,13513513.5135135,ctrl,MEA,none,NA,1_1
31,13,3,2025-07-10,22.639999999999997,NA,NA,NA,NA,30,2025-07-24,>50,NA,0.83,0.83,0.83,NA,NA,0,0,0,NA,NA,0,0,0,NA,NA,0,0,0,NA,NA,2025-07-09,NA,308,NA,0.84,13750000,12733333.3333333,13513513.5135135,ctrl,MEA,none,NA,1_1
32,14,4,2025-07-15,20.3,NA,NA,NA,NA,NA,NA,NA,NA,0.644,6.874,9.803,NA,NA,0,2,1,NA,NA,0,39.23,59.048,NA,NA,0,0,0,NA,NA,2025-07-15,NA,250,NA,0.87,4253731.34328358,4210526.31578947,5368421.05263158,F15 Faecal isolate 1,MEA,none,NA,1_1
33,14,4,2025-07-15,21.22,NA,NA,NA,NA,NA,NA,NA,NA,0.653,7.317,10.522,NA,NA,0,2,1,NA,NA,0,48,63.617,NA,NA,0,0,0,NA,NA,2025-07-15,NA,250,NA,0.87,4253731.34328358,4210526.31578947,5368421.05263158,F15 Faecal isolate 1,MEA,none,NA,1_1
34,14,4,2025-07-15,22.01,NA,NA,NA,NA,NA,NA,NA,NA,0.627,3.645,4.833,NA,NA,0,2,1,NA,NA,0,45,63.617,NA,NA,0,0,0,NA,NA,2025-07-15,NA,250,NA,0.87,4253731.34328358,4210526.31578947,5368421.05263158,F15 Faecal isolate 1,MEA,none,NA,1_1
35,15,4,2025-07-15,21.22,NA,NA,NA,NA,NA,NA,NA,NA,0.77,13.64,13.826,NA,NA,0,2,1,NA,NA,0,52,63.617,NA,NA,0,0,0,NA,NA,2025-07-15,NA,250,NA,0.87,4253731.34328358,4210526.31578947,5368421.05263158,F31 Mucor spp I3,MEA,none,NA,1_1
36,15,4,2025-07-15,21.86,NA,NA,NA,NA,NA,NA,NA,NA,0.508,9.279,12.142,NA,NA,0,2,1,NA,NA,0,54,63.617,NA,NA,0,0,0,NA,NA,2025-07-15,NA,250,NA,0.87,4253731.34328358,4210526.31578947,5368421.05263158,F31 Mucor spp I3,MEA,none,NA,1_1
37,15,4,2025-07-15,21.57,NA,NA,NA,NA,NA,NA,NA,NA,0.59,1.541,1.494,NA,NA,0,2,1,NA,NA,0,50,63.617,NA,NA,0,0,0,NA,NA,2025-07-15,NA,250,NA,0.87,4253731.34328358,4210526.31578947,5368421.05263158,F31 Mucor spp I3,MEA,none,NA,1_1
38,16,4,2025-07-15,21.61,NA,NA,NA,NA,NA,NA,NA,NA,0.512,0.512,0.512,NA,NA,0,0,0,NA,NA,0,46,63.617,NA,NA,0,0,0,NA,NA,2025-07-15,NA,250,NA,0.87,4253731.34328358,4210526.31578947,5368421.05263158,ctrl,MEA,none,NA,1_1
39,16,4,2025-07-15,21.39,NA,NA,NA,NA,NA,NA,NA,NA,0.503,0.503,0.503,NA,NA,0,0,0,NA,NA,0,47,63.617,NA,NA,0,0,0,NA,NA,2025-07-15,NA,250,NA,0.87,4253731.34328358,4210526.31578947,5368421.05263158,ctrl,MEA,none,NA,1_1
40,16,4,2025-07-15,22.02,NA,NA,NA,NA,NA,NA,NA,NA,0.484,0.484,0.484,NA,NA,0,0,0,NA,NA,0,55,63.617,NA,NA,0,0,0,NA,NA,2025-07-15,NA,250,NA,0.87,4253731.34328358,4210526.31578947,5368421.05263158,ctrl,MEA,none,NA,1_1
41,17,4,2025-07-15,20.99,NA,NA,NA,NA,NA,NA,NA,NA,0.661,1.235,1.037,NA,NA,0,2,1,NA,NA,0,63.617,63.617,NA,NA,0,0,0,NA,NA,2025-07-15,NA,250,NA,0.87,4253731.34328358,4210526.31578947,5368421.05263158,T. gamsii,MEA,none,NA,1_1
42,18,4,2025-07-15,21.26,NA,NA,NA,NA,NA,NA,NA,NA,0.667,0.798,0.813,NA,NA,0,2,1,NA,NA,0,63.617,63.617,NA,NA,0,0,0,NA,NA,2025-07-15,NA,250,NA,0.87,4253731.34328358,4210526.31578947,5368421.05263158,T. koningii,MEA,none,NA,1_1
43,19,5,2025-07-22,23.07,NA,NA,NA,NA,NA,NA,NA,NA,0.725,0.725,0.725,NA,NA,0,0,0,NA,NA,0,63.617,63.617,NA,NA,0,0,0,NA,NA,2025-07-21,NA,450,NA,0.8,46666666.6666667,57142857.1428571,46666666.6666667,T. gamsii,MEA,none,NA,1_1
44,19,5,2025-07-22,23.49,NA,NA,NA,NA,NA,NA,NA,NA,0.756,1.165,7.493,NA,NA,0,2,1,NA,NA,0,3.549,63.617,NA,NA,0,0,0,NA,NA,2025-07-21,NA,450,NA,0.8,46666666.6666667,57142857.1428571,46666666.6666667,T. gamsii,MEA,none,NA,1_1
45,19,5,2025-07-22,21.91,NA,NA,NA,NA,NA,NA,NA,NA,0.781,0.907,1.206,NA,NA,0,1,1,NA,NA,0,18.875,63.617,NA,NA,0,0,0,NA,NA,2025-07-21,NA,450,NA,0.8,46666666.6666667,57142857.1428571,46666666.6666667,T. gamsii,MEA,none,NA,1_1
46,20,5,2025-07-22,22.33,NA,NA,NA,NA,NA,NA,NA,NA,0.651,2.545,12.513,NA,NA,0,2,5,NA,NA,0,2.83,51.104,NA,NA,0,0,0,NA,NA,2025-07-21,NA,450,NA,0.8,46666666.6666667,57142857.1428571,46666666.6666667,T. veluntinum,MEA,none,NA,1_1
47,20,5,2025-07-22,23.34,NA,NA,NA,NA,NA,NA,NA,NA,0.728,0.728,0.728,NA,NA,0,0,0,NA,NA,0,63.617,63.617,NA,NA,0,0,0,NA,NA,2025-07-21,NA,450,NA,0.8,46666666.6666667,57142857.1428571,46666666.6666667,T. veluntinum,MEA,none,NA,1_1
48,20,5,2025-07-22,23.33,NA,NA,NA,NA,NA,NA,NA,NA,0.649,2.471,2.471,NA,NA,0,2,1,NA,NA,0,13.425,45.582,NA,NA,0,0,0,NA,NA,2025-07-21,NA,450,NA,0.8,46666666.6666667,57142857.1428571,46666666.6666667,T. veluntinum,MEA,none,NA,1_1
49,21,5,2025-07-22,22.66,NA,NA,NA,NA,NA,NA,NA,NA,0.625,3.096,4.491,NA,NA,0,2,2,NA,NA,0,0,63.617,NA,NA,0,0,0,NA,NA,2025-07-21,NA,450,NA,0.8,46666666.6666667,57142857.1428571,46666666.6666667,T. harzianum CBS245.93,MEA,none,NA,1_1
50,21,5,2025-07-22,22.93,NA,NA,NA,NA,NA,NA,NA,NA,0.64,3.363,5.014,NA,NA,0,2,2,NA,NA,0,2.788,63.617,NA,NA,0,0,0,NA,NA,2025-07-21,NA,450,NA,0.8,46666666.6666667,57142857.1428571,46666666.6666667,T. harzianum CBS245.93,MEA,none,NA,1_1
51,21,5,2025-07-22,21.07,NA,NA,NA,NA,NA,NA,NA,NA,0.662,4.314,4.314,NA,NA,0,4,4,NA,NA,0,13.485,51.216,NA,NA,0,0,0,NA,NA,2025-07-21,NA,450,NA,0.8,46666666.6666667,57142857.1428571,46666666.6666667,T. harzianum CBS245.93,MEA,none,NA,1_1
52,22,5,2025-07-22,23.35,NA,NA,NA,NA,NA,NA,NA,NA,0.667,0.667,0.667,NA,NA,0,0,0,NA,NA,0,0,63.617,NA,NA,0,0,0,NA,NA,2025-07-21,NA,450,NA,0.8,46666666.6666667,57142857.1428571,46666666.6666667,ctrl,MEA,none,NA,1_1
53,22,5,2025-07-22,22.77,NA,NA,NA,NA,NA,NA,NA,NA,0.68,0.68,0.68,NA,NA,0,0,0,NA,NA,0,0,63.617,NA,NA,0,0,0,NA,NA,2025-07-21,NA,450,NA,0.8,46666666.6666667,57142857.1428571,46666666.6666667,ctrl,MEA,none,NA,1_1
54,22,5,2025-07-22,21.78,NA,NA,NA,NA,NA,NA,NA,NA,0.55,0.55,0.55,NA,NA,0,0,0,NA,NA,0,0,63.617,NA,NA,0,0,0,NA,NA,2025-07-21,NA,450,NA,0.8,46666666.6666667,57142857.1428571,46666666.6666667,ctrl,MEA,none,NA,1_1
55,23,5,2025-07-22,22.51,NA,NA,NA,NA,NA,NA,NA,NA,0.694,1.218,0.694,NA,NA,0,3,0,NA,NA,0,0,63.617,NA,NA,0,0,0,NA,NA,2025-07-21,NA,450,NA,0.8,46666666.6666667,57142857.1428571,46666666.6666667,T. virens,MEA,none,NA,1_1
56,23,5,2025-07-22,24.32,NA,NA,NA,NA,NA,NA,NA,NA,0.777,0.707,0.835,NA,NA,0,0,0,NA,NA,0,0,63.617,NA,NA,0,0,0,NA,NA,2025-07-21,NA,450,NA,0.8,46666666.6666667,57142857.1428571,46666666.6666667,T. virens,MEA,none,NA,1_1
57,23,5,2025-07-22,24.34,NA,NA,NA,NA,NA,NA,NA,NA,0.68,1.469,1.284,NA,NA,0,2,1,NA,NA,0,5.119,63.617,NA,NA,0,0,0,NA,NA,2025-07-21,NA,450,NA,0.8,46666666.6666667,57142857.1428571,46666666.6666667,T. virens,MEA,none,NA,1_1
58,24,5,2025-07-22,22.96,NA,NA,NA,NA,NA,NA,NA,NA,0.535,0.535,0.535,NA,NA,0,0,0,NA,NA,0,0,63.617,NA,NA,0,0,0,NA,NA,2025-07-21,NA,450,NA,0.8,46666666.6666667,57142857.1428571,46666666.6666667,T. atroviridae,MEA,none,NA,1_1
59,24,5,2025-07-22,22.65,NA,NA,NA,NA,NA,NA,NA,NA,0.564,0.564,0.564,NA,NA,0,0,0,NA,NA,0,63.617,63.617,NA,NA,0,0,0,NA,NA,2025-07-21,NA,450,NA,0.8,46666666.6666667,57142857.1428571,46666666.6666667,T. atroviridae,MEA,none,NA,1_1
60,24,5,2025-07-22,23.23,NA,NA,NA,NA,NA,NA,NA,NA,0.655,0.655,0.655,NA,NA,0,0,0,NA,NA,0,0.83,54.534,NA,NA,0,0,0,NA,NA,2025-07-21,NA,450,NA,0.8,46666666.6666667,57142857.1428571,46666666.6666667,T. atroviridae,MEA,none,NA,1_1
61,25,5,2025-07-22,23.32,NA,NA,NA,NA,NA,NA,NA,NA,0.788,2.895,2.97,NA,NA,0,5,2,NA,NA,0,0.98,63.617,NA,NA,0,0,0,NA,NA,2025-07-21,NA,450,NA,0.8,46666666.6666667,57142857.1428571,46666666.6666667,T. harzianum T22,MEA,none,NA,1_1
62,25,5,2025-07-22,22.7,NA,NA,NA,NA,NA,NA,NA,NA,0.707,2.923,3.601,NA,NA,0,4,2,NA,NA,0,0.32,54.075,NA,NA,0,0,0,NA,NA,2025-07-21,NA,450,NA,0.8,46666666.6666667,57142857.1428571,46666666.6666667,T. harzianum T22,MEA,none,NA,1_1
63,26,6,2025-07-24,21.88,NA,NA,NA,NA,NA,NA,NA,NA,0.749,0.749,0.749,NA,NA,0,0,0,NA,NA,0,0,0,NA,NA,0,0,0,NA,NA,2025-07-23,NA,310,NA,0.7,265573770.491803,276562500,245652173.913043,T. harzianum T22,MEA,none,NA,1_1
64,26,6,2025-07-24,23.11,NA,NA,NA,NA,NA,NA,NA,NA,0.762,0.762,0.762,NA,NA,0,0,0,NA,NA,0,0,0,NA,NA,0,0,0,NA,NA,2025-07-23,NA,310,NA,0.7,265573770.491803,276562500,245652173.913043,T. harzianum T22,MEA,none,NA,1_1
65,26,6,2025-07-24,21.41,NA,NA,NA,NA,NA,NA,NA,NA,0.748,0.748,0.748,NA,NA,0,0,0,NA,NA,0,0,0,NA,NA,0,0,0,NA,NA,2025-07-23,NA,310,NA,0.7,265573770.491803,276562500,245652173.913043,T. harzianum T22,MEA,none,NA,1_1
66,27,6,2025-07-24,22.62,NA,NA,NA,NA,NA,NA,NA,NA,0.68,0.68,0.68,NA,NA,0,0,0,NA,NA,0,0,0,NA,NA,0,0,0,NA,NA,2025-07-23,NA,310,NA,0.7,265573770.491803,276562500,245652173.913043,T. harzianum CBS245.93,MEA,none,NA,1_1
67,27,6,2025-07-24,22.68,NA,NA,NA,NA,NA,NA,NA,NA,0.767,0.767,0.767,NA,NA,0,0,0,NA,NA,0,0,0,NA,NA,0,0,0,NA,NA,2025-07-23,NA,310,NA,0.7,265573770.491803,276562500,245652173.913043,T. harzianum CBS245.93,MEA,none,NA,1_1
68,27,6,2025-07-24,22.08,NA,NA,NA,NA,NA,NA,NA,NA,0.754,NA,0.754,NA,NA,0,NA,0,NA,NA,0,NA,0,NA,NA,0,NA,0,NA,NA,2025-07-23,NA,310,NA,0.7,265573770.491803,276562500,245652173.913043,T. harzianum CBS245.93,MEA,none,NA,1_1
69,28,6,2025-07-24,22.66,NA,NA,NA,NA,NA,NA,NA,NA,0.721,NA,0.721,NA,NA,0,NA,0,NA,NA,0,NA,0,NA,NA,0,NA,0,NA,NA,2025-07-23,NA,310,NA,0.7,265573770.491803,276562500,245652173.913043,T. gamsii,MEA,none,NA,1_1
70,28,6,2025-07-24,21.66,NA,NA,NA,NA,NA,NA,NA,NA,0.691,0.691,0.691,NA,NA,0,0,0,NA,NA,0,0,0,NA,NA,0,0,0,NA,NA,2025-07-23,NA,310,NA,0.7,265573770.491803,276562500,245652173.913043,T. gamsii,MEA,none,NA,1_1
71,28,6,2025-07-24,21.5,NA,NA,NA,NA,NA,NA,NA,NA,0.828,0.828,0.828,NA,NA,0,0,0,NA,NA,0,0,0,NA,NA,0,0,0,NA,NA,2025-07-23,NA,310,NA,0.7,265573770.491803,276562500,245652173.913043,T. gamsii,MEA,none,NA,1_1
72,29,6,2025-07-24,21.87,NA,NA,NA,NA,NA,NA,NA,NA,0.85,0.85,0.85,NA,NA,0,0,0,NA,NA,0,0,0,NA,NA,0,0,0,NA,NA,2025-07-23,NA,310,NA,0.7,265573770.491803,276562500,245652173.913043,ctrl,MEA,none,NA,1_1
73,29,6,2025-07-24,22,NA,NA,NA,NA,NA,NA,NA,NA,0.852,0.852,0.852,NA,NA,0,0,0,NA,NA,0,0,0,NA,NA,0,0,0,NA,NA,2025-07-23,NA,310,NA,0.7,265573770.491803,276562500,245652173.913043,ctrl,MEA,none,NA,1_1
74,29,6,2025-07-24,21.85,NA,NA,NA,NA,NA,NA,NA,NA,0.707,0.707,0.707,NA,NA,0,0,0,NA,NA,0,0,0,NA,NA,0,0,0,NA,NA,2025-07-23,NA,310,NA,0.7,265573770.491803,276562500,245652173.913043,ctrl,MEA,none,NA,1_1
75,30,7,2025-08-05,22.81,NA,NA,NA,NA,NA,NA,NA,NA,0.648,0.648,0.648,NA,NA,0,0,0,NA,NA,0,0,1.834,NA,NA,0,0,0,NA,NA,2025-08-04,NA,600,NA,0.71,15068493.1506849,13291139.2405063,26315789.4736842,T. harzianum T22,MEA,none,NA,1_1
76,30,7,2025-08-05,23,NA,NA,NA,NA,NA,NA,NA,NA,0.731,0.731,0.731,NA,NA,0,0,0,NA,NA,0,0,0,NA,NA,0,0,0,NA,NA,2025-08-04,NA,600,NA,0.71,15068493.1506849,13291139.2405063,26315789.4736842,T. harzianum T22,MEA,none,NA,1_1
77,30,7,2025-08-05,23.91,NA,NA,NA,NA,31,2025-08-19,1721698113.20755,NA,0.752,3.141,32.172,NA,NA,0,2,1,NA,NA,0,0,63.617,NA,NA,0,0,0,NA,NA,2025-08-04,NA,600,NA,0.71,15068493.1506849,13291139.2405063,26315789.4736842,T. harzianum T22,MEA,none,NA,1_1
78,31,7,2025-08-05,22.83,NA,NA,NA,NA,NA,NA,NA,NA,0.77,0.77,0.77,NA,NA,0,0,0,NA,NA,0,0,0,NA,NA,0,0,0,NA,NA,2025-08-04,NA,600,NA,0.71,15068493.1506849,13291139.2405063,26315789.4736842,T. harzianum CBS245.93,MEA,none,NA,1_1
79,31,7,2025-08-05,20.25,NA,NA,NA,NA,NA,NA,NA,NA,0.797,0.797,0.797,NA,NA,0,0,0,NA,NA,0,0,0,NA,NA,0,0,0,NA,NA,2025-08-04,NA,600,NA,0.71,15068493.1506849,13291139.2405063,26315789.4736842,T. harzianum CBS245.93,MEA,none,NA,1_1
80,31,7,2025-08-05,19.55,NA,NA,NA,NA,NA,NA,NA,NA,0.903,0.903,0.903,NA,NA,0,0,0,NA,NA,0,0,0,NA,NA,0,0,0,NA,NA,2025-08-04,NA,600,NA,0.71,15068493.1506849,13291139.2405063,26315789.4736842,T. harzianum CBS245.93,MEA,none,NA,1_1
81,32,7,2025-08-05,21.83,NA,NA,NA,NA,NA,NA,NA,NA,0.715,0.715,0.715,NA,NA,0,0,0,NA,NA,0,0,0,NA,NA,0,0,0,NA,NA,2025-08-04,NA,600,NA,0.71,15068493.1506849,13291139.2405063,26315789.4736842,T. gamsii,MEA,none,NA,1_1
82,32,7,2025-08-05,24.31,NA,NA,NA,NA,NA,NA,NA,NA,0.863,0.863,0.863,NA,NA,0,0,0,NA,NA,0,0,0,NA,NA,0,0,0,NA,NA,2025-08-04,NA,600,NA,0.71,15068493.1506849,13291139.2405063,26315789.4736842,T. gamsii,MEA,none,NA,1_1
83,32,7,2025-08-05,22.93,NA,NA,NA,NA,NA,NA,NA,NA,0.684,0.684,0.684,NA,NA,0,0,0,NA,NA,0,0,0,NA,NA,0,0,0,NA,NA,2025-08-04,NA,600,NA,0.71,15068493.1506849,13291139.2405063,26315789.4736842,T. gamsii,MEA,none,NA,1_1
84,31,7,2025-08-05,22.66,NA,NA,NA,NA,NA,NA,NA,NA,0.67,0.67,0.67,NA,NA,0,0,0,NA,NA,0,0,0,NA,NA,0,0,0,NA,NA,2025-08-04,NA,600,NA,0.71,15068493.1506849,13291139.2405063,26315789.4736842,T. harzianum CBS245.93,MEA,none,NA,1_1
85,31,7,2025-08-05,22.61,NA,NA,NA,NA,32,2025-08-19,1402542372.88136,NA,0.674,1.432,1.432,NA,NA,0,5,2,NA,NA,0,47.395,63.617,NA,NA,0,0,0,NA,NA,2025-08-04,NA,600,NA,0.71,15068493.1506849,13291139.2405063,26315789.4736842,T. harzianum CBS245.93,MEA,none,NA,1_1
86,31,7,2025-08-05,22.06,NA,NA,NA,NA,NA,NA,NA,NA,0.773,0.773,0.773,NA,NA,0,0,0,NA,NA,0,0,0,NA,NA,0,0,0,NA,NA,2025-08-04,NA,600,NA,0.71,15068493.1506849,13291139.2405063,26315789.4736842,T. harzianum CBS245.93,MEA,none,NA,1_1
87,34,7,2025-08-05,19.68,NA,NA,NA,NA,33,2025-08-19,>50,NA,0.727,0.727,0.727,NA,NA,0,0,0,NA,NA,0,0,0,NA,NA,0,0,0,NA,NA,2025-08-04,NA,600,NA,0.71,15068493.1506849,13291139.2405063,26315789.4736842,ctrl,MEA,none,NA,1_1
88,34,7,2025-08-05,21.96,NA,NA,NA,NA,34,2025-08-19,7.09219858156028,NA,0.752,0.752,0.725,NA,NA,0,0,0,NA,NA,0,0,0,NA,NA,0,0,0,NA,NA,2025-08-04,NA,600,NA,0.71,15068493.1506849,13291139.2405063,26315789.4736842,ctrl,MEA,none,NA,1_1
89,34,7,2025-08-05,23.62,NA,NA,NA,NA,35,2025-08-19,>50,NA,0.616,0.616,0.616,NA,NA,0,0,0,NA,NA,0,0,0,NA,NA,0,0,0,NA,NA,2025-08-04,NA,600,NA,0.71,15068493.1506849,13291139.2405063,26315789.4736842,ctrl,MEA,none,NA,1_1
90,35,7,2025-08-05,19.91,NA,NA,NA,NA,36,2025-08-19,848684210.526316,NA,0.651,63.617,63.617,NA,NA,0,2,1,NA,NA,0,0,0,NA,NA,0,0,0,NA,NA,2025-08-04,NA,600,NA,0.71,15068493.1506849,13291139.2405063,26315789.4736842,F33 Sordaria,MEA,none,NA,1_1
91,35,7,2025-08-05,20.47,NA,NA,NA,NA,37,2025-08-19,508547008.547009,NA,0.713,63.617,63.617,NA,NA,0,2,1,NA,NA,0,0,0,NA,NA,0,0,0,NA,NA,2025-08-04,NA,600,NA,0.71,15068493.1506849,13291139.2405063,26315789.4736842,F33 Sordaria,MEA,none,NA,1_1
92,35,7,2025-08-05,22.2,NA,NA,NA,NA,38,2025-08-19,1628205128.20513,NA,0.661,63.617,63.617,NA,NA,0,2,1,NA,NA,0,0,0,NA,NA,0,0,0,NA,NA,2025-08-04,NA,600,NA,0.71,15068493.1506849,13291139.2405063,26315789.4736842,F33 Sordaria,MEA,none,NA,1_1
93,36,7,2025-08-05,21.55,NA,NA,NA,NA,39,2025-08-19,532846715.328467,NA,0.738,63.617,63.617,NA,NA,0,2,1,NA,NA,0,0,0,NA,NA,0,0,0,NA,NA,2025-08-04,NA,600,NA,0.71,15068493.1506849,13291139.2405063,26315789.4736842,F35 Sordaria,MEA,none,NA,1_1
94,36,7,2025-08-05,20.92,NA,NA,NA,NA,40,2025-08-19,736666666.666667,NA,0.738,63.617,63.617,NA,NA,0,2,1,NA,NA,0,0,0,NA,NA,0,0,0,NA,NA,2025-08-04,NA,600,NA,0.71,15068493.1506849,13291139.2405063,26315789.4736842,F35 Sordaria,MEA,none,NA,1_1
95,36,7,2025-08-05,22.69,NA,NA,NA,NA,41,2025-08-19,675324675.324675,NA,0.742,63.617,63.617,NA,NA,0,2,1,NA,NA,0,0,0,NA,NA,0,0,0,NA,NA,2025-08-04,NA,600,NA,0.71,15068493.1506849,13291139.2405063,26315789.4736842,F35 Sordaria,MEA,none,NA,1_1
96,37,7,2025-08-05,22.8,NA,NA,NA,NA,NA,NA,NA,NA,0.73,0.73,0.73,NA,NA,0,0,0,NA,NA,0,0,0,NA,NA,0,0,0,NA,NA,2025-08-04,NA,600,NA,0.71,15068493.1506849,13291139.2405063,26315789.4736842,Panaeolous,MEA,none,NA,1_1
97,38,7,2025-08-05,19.1,NA,NA,NA,exclude,NA,NA,NA,NA,0.69,0.69,0.69,NA,NA,0,0,0,NA,NA,0,0,0,NA,NA,0,0,0,NA,NA,2025-08-04,NA,600,NA,0.71,15068493.1506849,13291139.2405063,26315789.4736842,F39 Thermo tolerant,MEA,none,NA,1_1
98,39,8,2025-08-07,21.28,NA,NA,NA,NA,NA,NA,NA,NA,0.679,2.255,2.255,NA,NA,0,1,1,NA,NA,0,0,0,NA,NA,0,0,0,NA,NA,2025-08-06,NA,580,NA,0.79,43069306.9306931,28888888.8888889,49065420.5607477,T. veluntinum,MEA,none,NA,1_1
99,39,8,2025-08-07,21.9,NA,NA,NA,NA,NA,NA,NA,NA,0.753,0.753,0.753,NA,NA,0,0,0,NA,NA,0,0,63.617,NA,NA,0,0,0,NA,NA,2025-08-06,NA,580,NA,0.79,43069306.9306931,28888888.8888889,49065420.5607477,T. veluntinum,MEA,none,NA,1_1
100,39,8,2025-08-07,20.82,NA,NA,NA,NA,NA,NA,NA,NA,0.647,1.021,2.151,NA,NA,0,3,1,NA,NA,0,0,63.617,NA,NA,0,0,0,NA,NA,2025-08-06,NA,580,NA,0.79,43069306.9306931,28888888.8888889,49065420.5607477,T. veluntinum,MEA,none,NA,1_1
101,40,8,2025-08-07,21.74,NA,NA,NA,NA,51,2025-08-21,25468750,NA,0.691,63.617,63.617,NA,NA,0,1,1,NA,NA,0,0,0,NA,NA,0,0,0,NA,NA,2025-08-06,NA,580,NA,0.79,43069306.9306931,28888888.8888889,49065420.5607477,F33 Sordaria,MEA,none,NA,1_1
102,40,8,2025-08-07,21.31,NA,NA,NA,NA,52,2025-08-21,3775510.20408163,NA,0.689,63.617,63.617,NA,NA,0,1,1,NA,NA,0,0,0,NA,NA,0,0,0,NA,NA,2025-08-06,NA,580,NA,0.79,43069306.9306931,28888888.8888889,49065420.5607477,F33 Sordaria,MEA,none,NA,1_1
103,40,8,2025-08-07,21.94,NA,NA,NA,NA,45,2025-08-21,12445652.173913,NA,0.722,63.617,63.617,NA,NA,0,2,1,NA,NA,0,0,0,NA,NA,0,0,0,NA,NA,2025-08-06,NA,580,NA,0.79,43069306.9306931,28888888.8888889,49065420.5607477,F33 Sordaria,MEA,none,NA,1_1
103,40,8,2025-08-07,21.94,NA,NA,NA,NA,53,2025-08-21,220338983.050847,NA,0.722,63.617,63.617,NA,NA,0,2,1,NA,NA,0,0,0,NA,NA,0,0,0,NA,NA,2025-08-06,NA,580,NA,0.79,43069306.9306931,28888888.8888889,49065420.5607477,F33 Sordaria,MEA,none,NA,1_1
104,41,8,2025-08-07,23.31,NA,NA,NA,NA,46,2025-08-21,2806122.44897959,NA,0.738,63.617,63.617,NA,NA,0,2,1,NA,NA,0,0,0,NA,NA,0,0,0,NA,NA,2025-08-06,NA,580,NA,0.79,43069306.9306931,28888888.8888889,49065420.5607477,F35 Sordaria,MEA,none,NA,1_1
105,41,8,2025-08-07,20.46,NA,NA,NA,NA,47,2025-08-21,4312500,NA,0.707,63.617,63.617,NA,NA,0,2,1,NA,NA,0,0,0,NA,NA,0,0,0,NA,NA,2025-08-06,NA,580,NA,0.79,43069306.9306931,28888888.8888889,49065420.5607477,F35 Sordaria,MEA,none,NA,1_1
106,41,8,2025-08-07,20.99,NA,NA,NA,NA,NA,NA,NA,NA,0.678,63.617,63.617,NA,NA,0,2,1,NA,NA,0,0,0,NA,NA,0,0,0,NA,NA,2025-08-06,NA,580,NA,0.79,43069306.9306931,28888888.8888889,49065420.5607477,F35 Sordaria,MEA,none,NA,1_1
107,42,8,2025-08-07,20.73,NA,NA,NA,NA,NA,NA,NA,NA,0.741,0.741,0.741,NA,NA,0,0,0,NA,NA,0,0,53.108,NA,NA,0,0,0,NA,NA,2025-08-06,NA,580,NA,0.79,43069306.9306931,28888888.8888889,49065420.5607477,F37 Mold,MEA,none,NA,1_1
108,42,8,2025-08-07,20.61,NA,NA,NA,NA,44,2025-08-21,113.333333333333,NA,0.745,0.745,0.745,NA,NA,0,0,0,NA,NA,0,0,0,NA,NA,0,0,0,NA,NA,2025-08-06,NA,580,NA,0.79,43069306.9306931,28888888.8888889,49065420.5607477,F37 Mold,MEA,none,NA,1_1
109,42,8,2025-08-07,20.06,NA,NA,NA,NA,55,2025-08-21,333333333.333333,NA,0.731,12.27,31.904,NA,NA,0,5,5,NA,NA,0,0,0,NA,NA,0,0,0,NA,NA,2025-08-06,NA,580,NA,0.79,43069306.9306931,28888888.8888889,49065420.5607477,F37 Mold,MEA,none,NA,1_1
110,43,8,2025-08-07,19.98,NA,NA,NA,NA,48,2025-08-21,1.04e+10,NA,0.781,7.104,10.385,NA,NA,0,2,1,NA,NA,0,0,26.229,NA,NA,0,0,0,NA,NA,2025-08-06,NA,580,NA,0.79,43069306.9306931,28888888.8888889,49065420.5607477,T. koningii,MEA,none,NA,1_1
111,43,8,2025-08-07,24.13,NA,NA,NA,NA,49,2025-08-21,11129032258.0645,NA,0.718,6.216,9.065,NA,NA,0,2,1,NA,NA,0,0,37.162,NA,NA,0,0,0,NA,NA,2025-08-06,NA,580,NA,0.79,43069306.9306931,28888888.8888889,49065420.5607477,T. koningii,MEA,none,NA,1_1
112,43,8,2025-08-07,20.91,NA,NA,NA,NA,50,2025-08-21,11056338028.169,NA,0.693,6.566,9.507,NA,NA,0,2,1,NA,NA,0,0,63.617,NA,NA,0,0,0,NA,NA,2025-08-06,NA,580,NA,0.79,43069306.9306931,28888888.8888889,49065420.5607477,T. koningii,MEA,none,NA,1_1
113,44,8,2025-08-07,20.33,NA,NA,NA,NA,NA,NA,NA,NA,0.663,0.663,0.663,NA,NA,0,0,0,NA,NA,0,0,0,NA,NA,0,0,0,NA,NA,2025-08-06,NA,580,NA,0.79,43069306.9306931,28888888.8888889,49065420.5607477,T. atroviridae,MEA,none,NA,1_1
114,44,8,2025-08-07,20.67,NA,NA,NA,NA,NA,NA,NA,NA,0.611,0.611,0.611,NA,NA,0,0,0,NA,NA,0,0,0,NA,NA,0,0,0,NA,NA,2025-08-06,NA,580,NA,0.79,43069306.9306931,28888888.8888889,49065420.5607477,T. atroviridae,MEA,none,NA,1_1
115,44,8,2025-08-07,19.46,NA,NA,NA,NA,NA,NA,NA,NA,0.667,1.724,2.494,NA,NA,0,2,1,NA,NA,0,0,63.617,NA,NA,0,0,0,NA,NA,2025-08-06,NA,580,NA,0.79,43069306.9306931,28888888.8888889,49065420.5607477,T. atroviridae,MEA,none,NA,1_1
116,45,8,2025-08-07,21.09,NA,NA,NA,NA,43,2025-08-21,217.054263565891,NA,0.747,0.747,0.747,NA,NA,0,0,0,NA,NA,0,0,0,NA,NA,0,0,0,NA,NA,2025-08-06,NA,580,NA,0.79,43069306.9306931,28888888.8888889,49065420.5607477,ctrl,MEA,none,NA,1_1
117,45,8,2025-08-07,20.1,NA,NA,NA,exclude,54,2025-08-21,2869158878.50467,NA,0.71,0.71,0.71,NA,NA,0,0,0,NA,NA,0,63.617,63.617,NA,NA,0,0,0,NA,NA,2025-08-06,NA,580,NA,0.79,43069306.9306931,28888888.8888889,49065420.5607477,ctrl,MEA,none,NA,1_1
118,45,8,2025-08-07,19.4,NA,NA,NA,NA,42,2025-08-21,442.857142857143,NA,0.74,0.74,0.74,NA,NA,0,0,0,NA,NA,0,0,0,NA,NA,0,0,0,NA,NA,2025-08-06,NA,580,NA,0.79,43069306.9306931,28888888.8888889,49065420.5607477,ctrl,MEA,none,NA,1_1
119,46,9,2025-08-13,21.39,NA,NA,NA,NA,56,2025-08-27,>50,NA,0.683,0.683,0.683,0.683,0.683,0,0,0,0,0,0,0,0,0,0,0,0,0,0,0,2025-08-12,NA,520,NA,0.79,121052.631578947,384615.384615385,407766.990291262,ctrl,MEA,none,NA,1_1
120,46,9,2025-08-13,18.9,NA,NA,NA,NA,57,2025-08-27,>50,NA,0.758,0.758,0.758,0.758,NA,0,0,0,0,NA,0,0,0,0,NA,0,0,0,0,NA,2025-08-12,NA,520,NA,0.79,121052.631578947,384615.384615385,407766.990291262,ctrl,MEA,none,NA,1_1
121,46,9,2025-08-13,20.31,NA,NA,NA,exclude,58,2025-08-27,7079646.01769912,NA,0.722,0.722,0.722,NA,NA,0,0,0,NA,NA,0,40.53,63.617,NA,NA,0,0,0,NA,NA,2025-08-12,NA,520,NA,0.79,121052.631578947,384615.384615385,407766.990291262,ctrl,MEA,none,NA,1_1
122,47,9,2025-08-13,19.62,NA,NA,NA,NA,59,2025-08-27,4687500,NA,0.689,63.617,63.617,NA,NA,0,2,1,NA,NA,0,0,0,NA,NA,0,0,0,NA,NA,2025-08-12,NA,520,NA,0.79,121052.631578947,384615.384615385,407766.990291262,F36 Sordaria,MEA,none,NA,1_1
123,47,9,2025-08-13,20.45,NA,NA,NA,NA,60,2025-08-27,437500,NA,0.722,63.617,63.617,19.568,NA,0,1,1,3,NA,0,0,0,0,NA,0,0,0,0,NA,2025-08-12,NA,520,NA,0.79,121052.631578947,384615.384615385,407766.990291262,F36 Sordaria,MEA,none,NA,1_1
124,47,9,2025-08-13,19.82,NA,NA,NA,NA,61,2025-08-27,155339.805825243,NA,0.72,63.617,63.617,23.144,NA,0,1,1,3,NA,0,0,0,0,NA,0,0,0,0,NA,2025-08-12,NA,520,NA,0.79,121052.631578947,384615.384615385,407766.990291262,F36 Sordaria,MEA,none,NA,1_1
125,48,9,2025-08-13,19.38,NA,NA,NA,NA,62,2025-08-27,57553.9568345324,NA,0.689,63.617,63.617,7.124,NA,0,2,1,3,NA,0,0,0,0,NA,0,0,0,0,NA,2025-08-12,NA,520,NA,0.79,121052.631578947,384615.384615385,407766.990291262,F35 Sordaria,MEA,none,NA,1_1
126,48,9,2025-08-13,19.66,NA,NA,NA,NA,63,2025-08-27,24295.7746478873,NA,0.698,63.617,63.617,NA,NA,0,2,1,NA,NA,0,0,0,NA,NA,0,0,0,NA,NA,2025-08-12,NA,520,NA,0.79,121052.631578947,384615.384615385,407766.990291262,F35 Sordaria,MEA,none,NA,1_1
127,48,9,2025-08-13,20.15,NA,NA,NA,NA,64,2025-08-27,8333.33333333333,NA,0.696,63.617,63.617,18.354,NA,0,2,1,3,NA,0,0,0,0,NA,0,0,0,0,NA,2025-08-12,NA,520,NA,0.79,121052.631578947,384615.384615385,407766.990291262,F35 Sordaria,MEA,none,NA,1_1
128,50,9,2025-08-13,19.77,NA,NA,NA,NA,NA,NA,NA,NA,0.833,0.833,0.833,NA,NA,0,0,0,NA,NA,0,0,0,NA,NA,0,0,0,NA,NA,2025-08-12,NA,520,NA,0.79,121052.631578947,384615.384615385,407766.990291262,F40,MEA,none,NA,1_1
129,50,9,2025-08-13,18.78,NA,NA,NA,NA,NA,NA,NA,NA,0.831,0.831,0.831,NA,NA,0,0,0,NA,NA,0,0,0,NA,NA,0,0,0,NA,NA,2025-08-12,NA,520,NA,0.79,121052.631578947,384615.384615385,407766.990291262,F40,MEA,none,NA,1_1
130,50,9,2025-08-13,19.56,NA,NA,NA,NA,NA,NA,NA,NA,0.683,0.683,0.683,NA,NA,0,0,0,NA,NA,0,0,0,NA,NA,0,0,0,NA,NA,2025-08-12,NA,520,NA,0.79,121052.631578947,384615.384615385,407766.990291262,F40,MEA,none,NA,1_1
